lon,lat,cap_sp
127.75,28.25,0.0
127.75,28.5,0.0
127.75,28.75,0.0
127.75,29.0,0.0
127.75,33.25,0.0
128.0,27.5,0.0
128.0,27.75,0.0
128.0,28.0,0.0
128.0,28.25,0.0
128.0,28.5,0.0
128.0,28.75,0.0
128.0,29.0,0.0
128.0,29.25,0.0
128.0,29.5,0.0
128.0,32.25,0.0
128.0,32.5,0.0
128.0,33.25,0.0
128.0,33.5,0.0
128.25,27.0,0.0
128.25,27.25,0.0
128.25,27.5,0.0
128.25,27.75,0.0
128.25,28.0,0.0
128.25,28.25,0.0
128.25,28.5,0.0
128.25,28.75,0.0
128.25,29.0,0.0
128.25,29.25,0.0
128.25,29.5,0.0
128.25,32.0,0.0
128.25,32.25,0.0
128.25,32.5,0.0
128.25,32.75,0.0
128.25,33.0,0.0
128.25,33.25,0.0
128.25,33.5,0.0
128.25,33.75,0.0
128.5,26.75,0.0
128.5,27.0,0.0
128.5,27.25,0.0
128.5,27.75,0.0
128.5,28.0,0.0
128.5,28.25,0.0
128.5,28.5,0.0
128.5,28.75,0.0
128.5,29.0,0.0
128.5,29.25,0.0
128.5,29.5,0.0
128.5,29.75,0.0
128.5,32.0,0.0
128.5,32.25,0.0
128.5,32.5,0.0
128.5,32.75,0.0
128.5,33.0,69.21971468745159
128.5,33.25,0.0
128.5,33.5,0.0
128.5,33.75,0.0
128.5,34.0,0.0
128.75,26.75,0.0
128.75,27.0,0.0
128.75,27.25,0.0
128.75,27.5,0.0
128.75,27.75,0.0
128.75,28.0,0.0
128.75,28.25,0.0
128.75,28.5,0.0
128.75,28.75,0.0
128.75,29.0,0.0
128.75,29.25,0.0
128.75,29.5,0.0
128.75,29.75,0.0
128.75,30.0,0.0
128.75,31.5,0.0
128.75,31.75,0.0
128.75,32.0,0.0
128.75,32.25,0.0
128.75,32.5,0.0
128.75,32.75,66.94622783515656
128.75,33.0,65.82928001742997
128.75,33.25,62.07836070080713
128.75,33.5,0.0
128.75,33.75,0.0
128.75,34.0,0.0
128.75,34.25,0.0
129.0,27.0,0.0
129.0,27.25,0.0
129.0,27.5,0.0
129.0,27.75,0.0
129.0,28.0,0.0
129.0,28.25,0.0
129.0,28.5,0.0
129.0,28.75,0.0
129.0,29.0,0.0
129.0,29.25,0.0
129.0,29.5,0.0
129.0,29.75,0.0
129.0,30.0,0.0
129.0,30.25,0.0
129.0,30.75,0.0
129.0,31.0,0.0
129.0,31.25,0.0
129.0,31.5,0.0
129.0,31.75,0.0
129.0,32.0,0.0
129.0,32.25,0.0
129.0,32.5,0.0
129.0,32.75,0.0
129.0,33.0,58.79401868057796
129.0,33.25,58.920840011918486
129.0,33.5,54.05090337088872
129.0,33.75,0.0
129.0,34.0,0.0
129.0,34.25,0.0
129.0,34.5,0.0
129.0,34.75,0.0
129.25,27.0,0.0
129.25,27.25,0.0
129.25,27.5,0.0
129.25,27.75,0.0
129.25,28.0,0.0
129.25,28.5,0.0
129.25,28.75,0.0
129.25,29.0,0.0
129.25,29.25,0.0
129.25,29.5,0.0
129.25,29.75,0.0
129.25,30.0,0.0
129.25,30.25,0.0
129.25,30.5,0.0
129.25,30.75,0.0
129.25,31.0,0.0
129.25,31.25,0.0
129.25,31.5,0.0
129.25,31.75,0.0
129.25,32.0,0.0
129.25,32.25,0.0
129.25,32.5,0.0
129.25,32.75,0.0
129.25,33.0,37.08427780978549
129.25,33.25,39.302207611753765
129.25,33.5,44.13034518846967
129.25,33.75,0.0
129.25,34.0,0.0
129.25,34.25,0.0
129.25,35.0,0.0
129.5,27.25,0.0
129.5,27.5,0.0
129.5,27.75,0.0
129.5,28.0,0.0
129.5,28.25,0.0
129.5,28.5,15.490606446376729
129.5,28.75,0.0
129.5,29.0,0.0
129.5,29.25,0.0
129.5,29.5,0.0
129.5,29.75,0.0
129.5,30.0,0.0
129.5,30.25,0.0
129.5,30.5,0.0
129.5,30.75,0.0
129.5,31.0,0.0
129.5,31.25,0.0
129.5,31.5,0.0
129.5,31.75,0.0
129.5,32.0,0.0
129.5,32.25,0.0
129.5,32.5,0.0
129.5,32.75,0.0
129.5,33.0,0.0
129.5,33.25,0.0
129.5,33.5,23.8210537206263
129.5,33.75,33.0224437947727
129.5,34.0,42.40880708287265
129.5,34.25,0.0
129.5,34.5,0.0
129.5,34.75,0.0
129.5,35.0,0.0
129.75,27.25,0.0
129.75,27.5,0.0
129.75,27.75,0.0
129.75,28.0,0.0
129.75,28.25,0.0
129.75,28.5,0.0
129.75,28.75,0.0
129.75,29.0,0.0
129.75,29.25,0.0
129.75,29.5,0.0
129.75,29.75,0.0
129.75,30.25,0.0
129.75,30.5,0.0
129.75,30.75,0.0
129.75,31.0,0.0
129.75,31.25,0.0
129.75,31.5,0.0
129.75,31.75,0.0
129.75,32.0,10.680308319793271
129.75,32.25,0.0
129.75,32.5,0.0
129.75,32.75,0.0
129.75,33.0,0.0
129.75,33.75,24.025430076002444
129.75,34.0,29.701305539659387
129.75,34.25,0.0
129.75,34.5,0.0
129.75,34.75,0.0
129.75,35.0,0.0
130.0,27.5,0.0
130.0,27.75,0.0
130.0,28.0,0.0
130.0,28.25,0.0
130.0,28.5,0.0
130.0,28.75,0.0
130.0,29.0,0.0
130.0,29.25,0.0
130.0,29.5,0.0
130.0,29.75,0.0
130.0,30.0,0.0
130.0,30.25,0.0
130.0,30.5,0.0
130.0,30.75,0.0
130.0,31.0,0.0
130.0,31.25,0.0
130.0,31.5,0.0
130.0,31.75,0.0
130.0,32.0,0.0
130.0,32.75,0.0
130.0,33.0,0.0
130.0,33.75,0.0
130.0,34.0,24.75241745399408
130.0,34.25,0.0
130.0,34.5,0.0
130.0,34.75,0.0
130.0,35.0,0.0
130.25,27.5,0.0
130.25,27.75,0.0
130.25,28.0,0.0
130.25,28.25,0.0
130.25,28.5,0.0
130.25,28.75,0.0
130.25,29.0,0.0
130.25,29.25,0.0
130.25,29.5,0.0
130.25,29.75,0.0
130.25,30.0,0.0
130.25,30.25,0.0
130.25,30.5,0.0
130.25,30.75,0.0
130.25,31.0,0.0
130.25,31.25,0.0
130.25,32.5,0.0
130.25,32.75,0.0
130.25,33.0,0.0
130.25,33.75,0.0
130.25,34.0,0.0
130.25,34.25,0.0
130.25,34.5,0.0
130.25,34.75,0.0
130.25,35.0,0.0
130.25,35.25,0.0
130.5,27.75,0.0
130.5,28.0,0.0
130.5,28.25,0.0
130.5,28.5,0.0
130.5,28.75,0.0
130.5,29.0,0.0
130.5,29.25,0.0
130.5,29.5,0.0
130.5,29.75,0.0
130.5,30.0,0.0
130.5,30.25,0.0
130.5,30.75,0.0
130.5,31.0,0.0
130.5,31.25,0.0
130.5,31.5,0.0
130.5,31.75,0.0
130.5,32.75,0.0
130.5,34.25,0.0
130.5,34.5,0.0
130.5,34.75,0.0
130.5,35.0,0.0
130.5,35.25,0.0
130.5,35.5,0.0
130.75,27.75,0.0
130.75,28.0,0.0
130.75,28.25,0.0
130.75,28.5,0.0
130.75,28.75,0.0
130.75,29.0,0.0
130.75,29.25,0.0
130.75,29.5,0.0
130.75,29.75,0.0
130.75,30.0,0.0
130.75,30.25,95.53872169999174
130.75,30.75,75.66629919590444
130.75,31.0,0.0
130.75,34.5,0.0
130.75,34.75,0.0
130.75,35.0,0.0
130.75,35.25,0.0
130.75,35.5,0.0
130.75,35.75,0.0
131.0,28.0,0.0
131.0,28.25,0.0
131.0,28.5,0.0
131.0,28.75,0.0
131.0,29.0,0.0
131.0,29.25,0.0
131.0,29.5,0.0
131.0,29.75,0.0
131.0,30.0,0.0
131.0,30.25,0.0
131.0,30.5,0.0
131.0,30.75,69.3686795137769
131.0,31.0,39.96600434308273
131.0,31.25,0.0
131.0,31.5,0.0
131.0,33.75,0.0
131.0,34.0,0.0
131.0,34.75,0.0
131.0,35.0,57.31416544869547
131.0,35.25,0.0
131.0,35.5,0.0
131.0,35.75,0.0
131.0,36.0,0.0
131.25,28.0,0.0
131.25,28.25,0.0
131.25,28.5,0.0
131.25,28.75,0.0
131.25,29.0,0.0
131.25,29.25,0.0
131.25,29.5,0.0
131.25,29.75,0.0
131.25,30.0,0.0
131.25,30.25,0.0
131.25,30.5,0.0
131.25,30.75,0.0
131.25,31.0,0.0
131.25,31.25,0.0
131.25,31.5,0.0
131.25,33.75,0.0
131.25,34.0,0.0
131.25,34.75,0.0
131.25,35.0,0.0
131.25,35.25,0.0
131.25,35.5,0.0
131.25,35.75,0.0
131.25,36.0,0.0
131.25,36.25,0.0
131.5,28.25,0.0
131.5,28.5,0.0
131.5,28.75,0.0
131.5,29.0,0.0
131.5,29.25,0.0
131.5,29.5,0.0
131.5,29.75,0.0
131.5,30.0,0.0
131.5,30.25,0.0
131.5,30.5,0.0
131.5,30.75,0.0
131.5,31.0,0.0
131.5,31.25,0.0
131.5,31.5,0.0
131.5,31.75,0.0
131.5,32.0,0.0
131.5,32.25,0.0
131.5,34.0,0.0
131.5,35.0,0.0
131.5,35.25,0.0
131.5,35.5,0.0
131.5,35.75,0.0
131.5,36.0,0.0
131.5,36.25,0.0
131.5,36.5,0.0
131.75,28.25,0.0
131.75,28.5,0.0
131.75,28.75,0.0
131.75,29.0,0.0
131.75,29.25,0.0
131.75,29.5,0.0
131.75,29.75,0.0
131.75,30.0,0.0
131.75,30.25,0.0
131.75,30.5,0.0
131.75,30.75,0.0
131.75,31.0,0.0
131.75,31.25,0.0
131.75,31.5,0.0
131.75,31.75,0.0
131.75,32.0,0.0
131.75,32.25,0.0
131.75,32.5,0.0
131.75,32.75,0.0
131.75,33.25,0.0
131.75,33.5,0.0
131.75,33.75,0.0
131.75,34.0,0.0
131.75,35.0,0.0
131.75,35.25,0.0
131.75,35.5,0.0
131.75,35.75,0.0
131.75,36.0,0.0
131.75,36.25,0.0
131.75,36.5,0.0
131.75,36.75,0.0
132.0,28.5,0.0
132.0,28.75,0.0
132.0,29.0,0.0
132.0,29.25,0.0
132.0,29.5,0.0
132.0,29.75,0.0
132.0,30.0,0.0
132.0,30.25,0.0
132.0,30.5,0.0
132.0,30.75,0.0
132.0,31.0,0.0
132.0,31.25,0.0
132.0,31.5,0.0
132.0,31.75,0.0
132.0,32.0,0.0
132.0,32.25,0.0
132.0,32.5,0.0
132.0,32.75,0.0
132.0,33.0,0.0
132.0,33.25,0.0
132.0,33.75,0.0
132.0,35.25,0.0
132.0,35.5,0.0
132.0,35.75,0.0
132.0,36.0,0.0
132.0,36.25,0.0
132.0,36.5,0.0
132.0,36.75,0.0
132.0,37.0,0.0
132.25,28.75,0.0
132.25,29.0,0.0
132.25,29.25,0.0
132.25,29.5,0.0
132.25,29.75,0.0
132.25,30.0,0.0
132.25,30.25,0.0
132.25,30.5,0.0
132.25,30.75,0.0
132.25,31.0,0.0
132.25,31.25,0.0
132.25,31.5,0.0
132.25,31.75,0.0
132.25,32.0,0.0
132.25,32.25,0.0
132.25,32.5,0.0
132.25,32.75,0.0
132.25,33.0,0.0
132.25,33.25,0.0
132.25,33.5,0.0
132.25,33.75,0.0
132.25,34.0,0.0
132.25,34.25,0.0
132.25,35.5,0.0
132.25,35.75,0.0
132.25,36.0,0.0
132.25,36.25,0.0
132.25,36.5,0.0
132.25,36.75,0.0
132.25,37.0,0.0
132.25,37.25,0.0
132.5,28.75,0.0
132.5,29.0,0.0
132.5,29.25,0.0
132.5,29.5,0.0
132.5,29.75,0.0
132.5,30.0,0.0
132.5,30.25,0.0
132.5,30.5,0.0
132.5,30.75,0.0
132.5,31.0,0.0
132.5,31.25,0.0
132.5,31.5,0.0
132.5,31.75,0.0
132.5,32.0,0.0
132.5,32.25,0.0
132.5,32.5,0.0
132.5,32.75,0.0
132.5,33.0,0.0
132.5,34.0,0.0
132.5,34.25,0.0
132.5,35.5,34.2190209323996
132.5,35.75,0.0
132.5,36.0,0.0
132.5,36.25,0.0
132.5,36.5,0.0
132.5,36.75,0.0
132.5,37.0,0.0
132.5,37.25,0.0
132.5,37.5,0.0
132.75,29.0,0.0
132.75,29.25,0.0
132.75,29.5,0.0
132.75,29.75,0.0
132.75,30.0,0.0
132.75,30.25,0.0
132.75,30.5,0.0
132.75,30.75,0.0
132.75,31.0,0.0
132.75,31.25,0.0
132.75,31.5,0.0
132.75,31.75,0.0
132.75,32.0,0.0
132.75,32.25,0.0
132.75,32.5,0.0
132.75,32.75,0.0
132.75,34.25,0.0
132.75,35.75,0.0
132.75,36.0,0.0
132.75,36.25,0.0
132.75,36.5,0.0
132.75,36.75,0.0
132.75,37.0,0.0
132.75,37.25,0.0
132.75,37.5,0.0
132.75,37.75,0.0
132.75,38.0,0.0
133.0,29.0,0.0
133.0,29.25,0.0
133.0,29.5,0.0
133.0,29.75,0.0
133.0,30.0,0.0
133.0,30.25,0.0
133.0,30.5,0.0
133.0,30.75,0.0
133.0,31.0,0.0
133.0,31.25,0.0
133.0,31.5,0.0
133.0,31.75,0.0
133.0,32.0,0.0
133.0,32.25,0.0
133.0,32.5,0.0
133.0,32.75,0.0
133.0,33.0,0.0
133.0,34.25,0.0
133.0,34.5,0.0
133.0,35.75,48.03379957603556
133.0,36.0,0.0
133.0,36.25,0.0
133.0,36.5,0.0
133.0,36.75,0.0
133.0,37.0,0.0
133.0,37.25,0.0
133.0,37.5,0.0
133.0,37.75,0.0
133.0,38.0,0.0
133.0,38.25,0.0
133.25,29.25,0.0
133.25,29.5,0.0
133.25,29.75,0.0
133.25,30.0,0.0
133.25,30.25,0.0
133.25,30.5,0.0
133.25,30.75,0.0
133.25,31.0,0.0
133.25,31.25,0.0
133.25,31.5,0.0
133.25,31.75,0.0
133.25,32.0,0.0
133.25,32.25,0.0
133.25,32.5,0.0
133.25,32.75,0.0
133.25,33.0,0.0
133.25,33.25,0.0
133.25,33.5,0.0
133.25,34.25,0.0
133.25,34.5,0.0
133.25,35.75,30.401633979466585
133.25,36.0,0.0
133.25,36.25,0.0
133.25,36.5,0.0
133.25,36.75,0.0
133.25,37.0,0.0
133.25,37.25,0.0
133.25,37.5,0.0
133.25,37.75,0.0
133.25,38.0,0.0
133.25,38.25,0.0
133.25,38.5,0.0
133.5,29.25,0.0
133.5,29.5,0.0
133.5,29.75,0.0
133.5,30.0,0.0
133.5,30.25,0.0
133.5,30.5,0.0
133.5,30.75,0.0
133.5,31.0,0.0
133.5,31.25,0.0
133.5,31.5,0.0
133.5,31.75,0.0
133.5,32.0,0.0
133.5,32.25,0.0
133.5,32.5,0.0
133.5,32.75,0.0
133.5,33.0,0.0
133.5,33.25,0.0
133.5,33.5,0.0
133.5,34.25,0.0
133.5,34.5,0.0
133.5,35.75,15.687361054033255
133.5,36.0,0.0
133.5,36.25,0.0
133.5,36.5,0.0
133.5,36.75,0.0
133.5,37.0,0.0
133.5,37.25,0.0
133.5,37.5,0.0
133.5,37.75,0.0
133.5,38.0,0.0
133.5,38.25,0.0
133.5,38.5,0.0
133.5,38.75,0.0
133.75,29.5,0.0
133.75,29.75,0.0
133.75,30.0,0.0
133.75,30.25,0.0
133.75,30.5,0.0
133.75,30.75,0.0
133.75,31.0,0.0
133.75,31.25,0.0
133.75,31.5,0.0
133.75,31.75,0.0
133.75,32.0,0.0
133.75,32.25,0.0
133.75,32.5,0.0
133.75,32.75,0.0
133.75,33.0,0.0
133.75,33.25,0.0
133.75,33.5,0.0
133.75,34.5,0.0
133.75,35.75,0.0
133.75,36.0,0.0
133.75,36.25,0.0
133.75,36.5,0.0
133.75,36.75,0.0
133.75,37.0,0.0
133.75,37.25,0.0
133.75,37.5,0.0
133.75,37.75,0.0
133.75,38.0,0.0
133.75,38.25,0.0
133.75,38.5,0.0
133.75,38.75,0.0
133.75,39.0,0.0
133.75,39.25,0.0
133.75,39.5,0.0
133.75,39.75,0.0
134.0,29.75,0.0
134.0,30.0,0.0
134.0,30.25,0.0
134.0,30.5,0.0
134.0,30.75,0.0
134.0,31.0,0.0
134.0,31.25,0.0
134.0,31.5,0.0
134.0,31.75,0.0
134.0,32.0,0.0
134.0,32.25,0.0
134.0,32.5,0.0
134.0,32.75,0.0
134.0,33.0,0.0
134.0,33.25,0.0
134.0,35.75,0.0
134.0,36.0,0.0
134.0,36.25,0.0
134.0,36.5,0.0
134.0,36.75,0.0
134.0,37.0,0.0
134.0,37.25,0.0
134.0,37.5,0.0
134.0,37.75,0.0
134.0,38.0,0.0
134.0,38.25,0.0
134.0,38.5,0.0
134.0,38.75,0.0
134.0,39.0,0.0
134.0,39.25,0.0
134.0,39.5,0.0
134.0,39.75,0.0
134.0,40.0,0.0
134.25,29.75,0.0
134.25,30.0,0.0
134.25,30.25,0.0
134.25,30.5,0.0
134.25,30.75,0.0
134.25,31.0,0.0
134.25,31.25,0.0
134.25,31.5,0.0
134.25,31.75,0.0
134.25,32.0,0.0
134.25,32.25,0.0
134.25,32.5,0.0
134.25,32.75,0.0
134.25,33.0,0.0
134.25,33.25,0.0
134.25,33.5,0.0
134.25,33.75,0.0
134.25,34.5,0.0
134.25,34.75,0.0
134.25,35.75,0.0
134.25,36.0,0.0
134.25,36.25,0.0
134.25,36.5,0.0
134.25,36.75,0.0
134.25,37.0,0.0
134.25,37.25,0.0
134.25,37.5,0.0
134.25,37.75,0.0
134.25,38.0,0.0
134.25,38.25,0.0
134.25,38.5,0.0
134.25,38.75,0.0
134.25,39.0,0.0
134.25,39.25,0.0
134.25,39.5,0.0
134.25,39.75,0.0
134.25,40.0,0.0
134.5,30.0,0.0
134.5,30.25,0.0
134.5,30.5,0.0
134.5,30.75,0.0
134.5,31.0,0.0
134.5,31.25,0.0
134.5,31.5,0.0
134.5,31.75,0.0
134.5,32.0,0.0
134.5,32.25,0.0
134.5,32.5,0.0
134.5,32.75,0.0
134.5,33.0,0.0
134.5,33.25,0.0
134.5,33.5,0.0
134.5,33.75,0.0
134.5,34.25,0.0
134.5,34.5,0.0
134.5,34.75,0.0
134.5,36.0,0.0
134.5,36.25,0.0
134.5,36.5,0.0
134.5,36.75,0.0
134.5,37.0,0.0
134.5,37.25,0.0
134.5,37.5,0.0
134.5,37.75,0.0
134.5,38.0,0.0
134.5,38.25,0.0
134.5,38.5,0.0
134.5,38.75,0.0
134.5,39.0,0.0
134.5,39.25,0.0
134.5,39.5,0.0
134.5,39.75,0.0
134.5,40.0,0.0
134.75,30.0,0.0
134.75,30.25,0.0
134.75,30.5,0.0
134.75,30.75,0.0
134.75,31.0,0.0
134.75,31.25,0.0
134.75,31.5,0.0
134.75,31.75,0.0
134.75,32.0,0.0
134.75,32.25,0.0
134.75,32.5,0.0
134.75,32.75,0.0
134.75,33.0,0.0
134.75,33.25,0.0
134.75,33.5,0.0
134.75,33.75,0.0
134.75,34.0,0.0
134.75,34.25,0.0
134.75,34.75,0.0
134.75,36.0,0.0
134.75,36.25,0.0
134.75,36.5,0.0
134.75,36.75,0.0
134.75,37.0,0.0
134.75,37.25,0.0
134.75,37.5,0.0
134.75,37.75,0.0
134.75,38.0,0.0
134.75,38.25,0.0
134.75,38.5,0.0
134.75,38.75,0.0
134.75,39.0,0.0
134.75,39.25,0.0
134.75,39.5,0.0
134.75,39.75,0.0
134.75,40.0,0.0
134.75,40.25,0.0
135.0,30.25,0.0
135.0,30.5,0.0
135.0,30.75,0.0
135.0,31.0,0.0
135.0,31.25,0.0
135.0,31.5,0.0
135.0,31.75,0.0
135.0,32.0,0.0
135.0,32.25,0.0
135.0,32.5,0.0
135.0,32.75,0.0
135.0,33.0,0.0
135.0,33.25,0.0
135.0,33.5,0.0
135.0,33.75,0.0
135.0,34.0,0.0
135.0,34.25,0.0
135.0,34.5,0.0
135.0,34.75,0.0
135.0,36.0,0.0
135.0,36.25,0.0
135.0,36.5,0.0
135.0,36.75,0.0
135.0,37.0,0.0
135.0,37.25,0.0
135.0,37.5,0.0
135.0,37.75,0.0
135.0,38.0,0.0
135.0,38.25,0.0
135.0,38.5,0.0
135.0,38.75,0.0
135.0,39.0,0.0
135.0,39.25,0.0
135.0,39.5,0.0
135.0,39.75,0.0
135.0,40.0,0.0
135.0,40.25,0.0
135.25,30.25,0.0
135.25,30.5,0.0
135.25,30.75,0.0
135.25,31.0,0.0
135.25,31.25,0.0
135.25,31.5,0.0
135.25,31.75,0.0
135.25,32.0,0.0
135.25,32.25,0.0
135.25,32.5,0.0
135.25,32.75,0.0
135.25,33.0,0.0
135.25,33.25,0.0
135.25,33.5,0.0
135.25,33.75,0.0
135.25,34.75,0.0
135.25,35.75,0.0
135.25,36.0,0.0
135.25,36.25,0.0
135.25,36.5,0.0
135.25,36.75,0.0
135.25,37.0,0.0
135.25,37.25,0.0
135.25,37.5,0.0
135.25,37.75,0.0
135.25,38.0,0.0
135.25,38.25,0.0
135.25,38.5,0.0
135.25,38.75,0.0
135.25,39.0,0.0
135.25,39.25,0.0
135.25,39.5,0.0
135.25,39.75,0.0
135.25,40.0,0.0
135.25,40.25,0.0
135.25,40.5,0.0
135.5,30.25,0.0
135.5,30.5,0.0
135.5,30.75,0.0
135.5,31.0,0.0
135.5,31.25,0.0
135.5,31.5,0.0
135.5,31.75,0.0
135.5,32.0,0.0
135.5,32.25,0.0
135.5,32.5,0.0
135.5,32.75,0.0
135.5,33.0,0.0
135.5,33.25,0.0
135.5,33.5,0.0
135.5,35.75,0.0
135.5,36.0,0.0
135.5,36.25,0.0
135.5,36.5,0.0
135.5,36.75,0.0
135.5,37.0,0.0
135.5,37.25,0.0
135.5,37.5,0.0
135.5,37.75,0.0
135.5,38.0,0.0
135.5,38.25,0.0
135.5,38.5,0.0
135.5,38.75,0.0
135.5,39.0,0.0
135.5,39.25,0.0
135.5,39.5,0.0
135.5,39.75,0.0
135.5,40.0,0.0
135.5,40.25,0.0
135.5,40.5,0.0
135.75,30.25,0.0
135.75,30.5,0.0
135.75,30.75,0.0
135.75,31.0,0.0
135.75,31.25,0.0
135.75,31.5,0.0
135.75,31.75,0.0
135.75,32.0,0.0
135.75,32.25,0.0
135.75,32.5,0.0
135.75,32.75,0.0
135.75,33.0,0.0
135.75,33.25,0.0
135.75,33.5,0.0
135.75,35.75,0.0
135.75,36.0,0.0
135.75,36.25,0.0
135.75,36.5,0.0
135.75,36.75,0.0
135.75,37.0,0.0
135.75,37.25,0.0
135.75,37.5,0.0
135.75,37.75,0.0
135.75,38.0,0.0
135.75,38.25,0.0
135.75,38.5,0.0
135.75,38.75,0.0
135.75,39.0,0.0
135.75,39.25,0.0
135.75,39.5,0.0
135.75,39.75,0.0
135.75,40.0,0.0
135.75,40.25,0.0
135.75,40.5,0.0
136.0,30.25,0.0
136.0,30.5,0.0
136.0,30.75,0.0
136.0,31.0,0.0
136.0,31.25,0.0
136.0,31.5,0.0
136.0,31.75,0.0
136.0,32.0,0.0
136.0,32.25,0.0
136.0,32.5,0.0
136.0,32.75,0.0
136.0,33.0,0.0
136.0,33.25,0.0
136.0,33.5,0.0
136.0,33.75,0.0
136.0,34.0,0.0
136.0,36.5,37.89764497687804
136.0,36.75,0.0
136.0,37.0,0.0
136.0,37.25,0.0
136.0,37.5,0.0
136.0,37.75,0.0
136.0,38.0,0.0
136.0,38.25,0.0
136.0,38.5,0.0
136.0,38.75,0.0
136.0,39.0,0.0
136.0,39.25,0.0
136.0,39.5,0.0
136.0,39.75,0.0
136.0,40.0,0.0
136.0,40.25,0.0
136.0,40.5,0.0
136.0,40.75,0.0
136.0,41.0,0.0
136.25,30.5,0.0
136.25,30.75,0.0
136.25,31.0,0.0
136.25,31.25,0.0
136.25,31.5,0.0
136.25,31.75,0.0
136.25,32.0,0.0
136.25,32.25,0.0
136.25,32.5,0.0
136.25,32.75,0.0
136.25,33.0,0.0
136.25,33.25,0.0
136.25,33.5,0.0
136.25,33.75,0.0
136.25,34.0,0.0
136.25,34.25,0.0
136.25,36.75,0.0
136.25,37.0,0.0
136.25,37.25,0.0
136.25,37.5,0.0
136.25,37.75,0.0
136.25,38.0,0.0
136.25,38.25,0.0
136.25,38.5,0.0
136.25,38.75,0.0
136.25,39.0,0.0
136.25,39.25,0.0
136.25,39.5,0.0
136.25,39.75,0.0
136.25,40.0,0.0
136.25,40.25,0.0
136.25,40.5,0.0
136.25,40.75,0.0
136.25,41.0,0.0
136.25,41.25,0.0
136.25,41.5,0.0
136.5,30.5,0.0
136.5,30.75,0.0
136.5,31.0,0.0
136.5,31.25,0.0
136.5,31.5,0.0
136.5,31.75,0.0
136.5,32.0,0.0
136.5,32.25,0.0
136.5,32.5,0.0
136.5,32.75,0.0
136.5,33.0,0.0
136.5,33.25,0.0
136.5,33.5,0.0
136.5,33.75,0.0
136.5,34.0,0.0
136.5,34.25,0.0
136.5,34.75,0.0
136.5,37.0,0.0
136.5,37.25,0.0
136.5,37.5,0.0
136.5,37.75,0.0
136.5,38.0,0.0
136.5,38.25,0.0
136.5,38.5,0.0
136.5,38.75,0.0
136.5,39.0,0.0
136.5,39.25,0.0
136.5,39.5,0.0
136.5,39.75,0.0
136.5,40.0,0.0
136.5,40.25,0.0
136.5,40.5,0.0
136.5,40.75,0.0
136.5,41.0,0.0
136.5,41.25,0.0
136.5,41.5,0.0
136.5,41.75,0.0
136.75,30.5,0.0
136.75,30.75,0.0
136.75,31.0,0.0
136.75,31.25,0.0
136.75,31.5,0.0
136.75,31.75,0.0
136.75,32.0,0.0
136.75,32.25,0.0
136.75,32.5,0.0
136.75,32.75,0.0
136.75,33.0,0.0
136.75,33.25,0.0
136.75,33.5,0.0
136.75,33.75,0.0
136.75,34.0,0.0
136.75,34.25,0.0
136.75,34.75,0.0
136.75,37.75,28.288887414244893
136.75,38.0,0.0
136.75,38.25,0.0
136.75,38.5,0.0
136.75,38.75,0.0
136.75,39.0,0.0
136.75,39.25,0.0
136.75,39.5,0.0
136.75,39.75,0.0
136.75,40.0,0.0
136.75,40.25,0.0
136.75,40.5,0.0
136.75,40.75,0.0
136.75,41.0,0.0
136.75,41.25,0.0
136.75,41.5,0.0
136.75,41.75,0.0
136.75,42.0,0.0
136.75,42.25,0.0
137.0,30.5,0.0
137.0,30.75,0.0
137.0,31.0,0.0
137.0,31.25,0.0
137.0,31.5,0.0
137.0,31.75,0.0
137.0,32.0,0.0
137.0,32.25,0.0
137.0,32.5,0.0
137.0,32.75,0.0
137.0,33.0,0.0
137.0,33.25,0.0
137.0,33.5,0.0
137.0,33.75,0.0
137.0,34.0,0.0
137.0,34.25,0.0
137.0,34.5,0.0
137.0,37.0,0.0
137.0,37.25,0.0
137.0,37.75,22.83507424773236
137.0,38.0,0.0
137.0,38.25,0.0
137.0,38.5,0.0
137.0,38.75,0.0
137.0,39.0,0.0
137.0,39.25,0.0
137.0,39.5,0.0
137.0,39.75,0.0
137.0,40.0,0.0
137.0,40.25,0.0
137.0,40.5,0.0
137.0,40.75,0.0
137.0,41.0,0.0
137.0,41.25,0.0
137.0,41.5,0.0
137.0,41.75,0.0
137.0,42.0,0.0
137.0,42.25,0.0
137.0,42.5,0.0
137.25,30.5,0.0
137.25,30.75,0.0
137.25,31.0,0.0
137.25,31.25,0.0
137.25,31.5,0.0
137.25,31.75,0.0
137.25,32.0,0.0
137.25,32.25,0.0
137.25,32.5,0.0
137.25,32.75,0.0
137.25,33.0,0.0
137.25,33.25,0.0
137.25,33.5,0.0
137.25,33.75,0.0
137.25,34.0,0.0
137.25,34.25,0.0
137.25,34.5,0.0
137.25,34.75,15.014929981707748
137.25,37.0,0.0
137.25,37.25,0.0
137.25,37.5,0.0
137.25,37.75,16.109206985409894
137.25,38.0,0.0
137.25,38.25,0.0
137.25,38.5,0.0
137.25,38.75,0.0
137.25,39.0,0.0
137.25,39.25,0.0
137.25,39.5,0.0
137.25,39.75,0.0
137.25,40.0,0.0
137.25,40.25,0.0
137.25,40.5,0.0
137.25,40.75,0.0
137.25,41.0,0.0
137.25,41.25,0.0
137.25,41.5,0.0
137.25,41.75,0.0
137.25,42.0,0.0
137.25,42.25,0.0
137.25,42.5,0.0
137.25,42.75,0.0
137.25,43.0,0.0
137.5,30.5,0.0
137.5,30.75,0.0
137.5,31.0,0.0
137.5,31.25,0.0
137.5,31.5,0.0
137.5,31.75,0.0
137.5,32.0,0.0
137.5,32.25,0.0
137.5,32.5,0.0
137.5,32.75,0.0
137.5,33.0,0.0
137.5,33.25,0.0
137.5,33.5,0.0
137.5,33.75,0.0
137.5,34.0,0.0
137.5,34.25,0.0
137.5,34.5,0.0
137.5,34.75,0.0
137.5,37.25,0.0
137.5,37.5,0.0
137.5,37.75,0.0
137.5,38.0,0.0
137.5,38.25,0.0
137.5,38.5,0.0
137.5,38.75,0.0
137.5,39.0,0.0
137.5,39.25,0.0
137.5,39.5,0.0
137.5,39.75,0.0
137.5,40.0,0.0
137.5,40.25,0.0
137.5,40.5,0.0
137.5,40.75,0.0
137.5,41.0,0.0
137.5,41.25,0.0
137.5,41.5,0.0
137.5,41.75,0.0
137.5,42.0,0.0
137.5,42.25,0.0
137.5,42.5,0.0
137.5,42.75,0.0
137.5,43.0,0.0
137.5,43.25,0.0
137.75,30.5,0.0
137.75,30.75,0.0
137.75,31.0,0.0
137.75,31.25,0.0
137.75,31.5,0.0
137.75,31.75,0.0
137.75,32.0,0.0
137.75,32.25,0.0
137.75,32.5,0.0
137.75,32.75,0.0
137.75,33.0,0.0
137.75,33.25,0.0
137.75,33.5,0.0
137.75,33.75,0.0
137.75,34.0,0.0
137.75,34.25,0.0
137.75,34.5,0.0
137.75,34.75,0.0
137.75,37.25,0.0
137.75,37.5,0.0
137.75,37.75,0.0
137.75,38.0,0.0
137.75,38.25,0.0
137.75,38.5,0.0
137.75,38.75,0.0
137.75,39.0,0.0
137.75,39.25,0.0
137.75,39.5,0.0
137.75,39.75,0.0
137.75,40.0,0.0
137.75,40.25,0.0
137.75,40.5,0.0
137.75,40.75,0.0
137.75,41.0,0.0
137.75,41.25,0.0
137.75,41.5,0.0
137.75,41.75,0.0
137.75,42.0,0.0
137.75,42.25,0.0
137.75,42.5,0.0
137.75,42.75,0.0
137.75,43.0,0.0
137.75,43.25,0.0
137.75,43.5,0.0
138.0,30.5,0.0
138.0,30.75,0.0
138.0,31.0,0.0
138.0,31.25,0.0
138.0,31.5,0.0
138.0,31.75,0.0
138.0,32.0,0.0
138.0,32.25,0.0
138.0,32.5,0.0
138.0,32.75,0.0
138.0,33.0,0.0
138.0,33.25,0.0
138.0,33.5,0.0
138.0,33.75,0.0
138.0,34.0,0.0
138.0,34.25,0.0
138.0,34.5,0.0
138.0,34.75,0.0
138.0,37.5,0.0
138.0,37.75,0.0
138.0,38.0,0.0
138.0,38.25,0.0
138.0,38.5,0.0
138.0,38.75,0.0
138.0,39.0,0.0
138.0,39.25,0.0
138.0,39.5,0.0
138.0,39.75,0.0
138.0,40.0,0.0
138.0,40.25,0.0
138.0,40.5,0.0
138.0,40.75,0.0
138.0,41.0,0.0
138.0,41.25,0.0
138.0,41.5,0.0
138.0,41.75,0.0
138.0,42.0,0.0
138.0,42.25,0.0
138.0,42.5,0.0
138.0,42.75,0.0
138.0,43.0,0.0
138.0,43.25,0.0
138.0,43.5,0.0
138.0,43.75,0.0
138.25,30.75,0.0
138.25,31.0,0.0
138.25,31.25,0.0
138.25,31.5,0.0
138.25,31.75,0.0
138.25,32.0,0.0
138.25,32.25,0.0
138.25,32.5,0.0
138.25,32.75,0.0
138.25,33.0,0.0
138.25,33.25,0.0
138.25,33.5,0.0
138.25,33.75,0.0
138.25,34.0,0.0
138.25,34.25,0.0
138.25,34.5,0.0
138.25,34.75,0.0
138.25,35.0,0.0
138.25,37.5,0.0
138.25,37.75,0.0
138.25,38.5,0.0
138.25,38.75,0.0
138.25,39.0,0.0
138.25,39.25,0.0
138.25,39.5,0.0
138.25,39.75,0.0
138.25,40.0,0.0
138.25,40.25,0.0
138.25,40.5,0.0
138.25,40.75,0.0
138.25,41.0,0.0
138.25,41.25,0.0
138.25,41.5,0.0
138.25,41.75,0.0
138.25,42.0,0.0
138.25,42.25,0.0
138.25,42.5,0.0
138.25,42.75,0.0
138.25,43.0,0.0
138.25,43.25,0.0
138.25,43.5,0.0
138.25,43.75,0.0
138.25,44.0,0.0
138.5,30.75,0.0
138.5,31.0,0.0
138.5,31.25,0.0
138.5,31.5,0.0
138.5,31.75,0.0
138.5,32.0,0.0
138.5,32.25,0.0
138.5,32.5,0.0
138.5,32.75,0.0
138.5,33.0,0.0
138.5,33.25,0.0
138.5,33.5,0.0
138.5,33.75,0.0
138.5,34.0,0.0
138.5,34.25,0.0
138.5,34.5,0.0
138.5,34.75,0.0
138.5,35.0,0.0
138.5,37.75,0.0
138.5,38.0,0.0
138.5,38.25,0.0
138.5,38.5,0.0
138.5,38.75,0.0
138.5,39.0,0.0
138.5,39.25,0.0
138.5,39.5,0.0
138.5,39.75,0.0
138.5,40.0,0.0
138.5,40.25,0.0
138.5,40.5,0.0
138.5,40.75,0.0
138.5,41.0,0.0
138.5,41.25,0.0
138.5,41.5,0.0
138.5,41.75,0.0
138.5,42.0,0.0
138.5,42.25,0.0
138.5,42.5,0.0
138.5,42.75,0.0
138.5,43.0,0.0
138.5,43.25,0.0
138.5,43.5,0.0
138.5,43.75,0.0
138.5,44.0,0.0
138.5,44.25,0.0
138.75,30.75,0.0
138.75,31.0,0.0
138.75,31.25,0.0
138.75,31.5,0.0
138.75,31.75,0.0
138.75,32.0,0.0
138.75,32.25,0.0
138.75,32.5,0.0
138.75,32.75,0.0
138.75,33.0,0.0
138.75,33.25,0.0
138.75,33.5,0.0
138.75,33.75,0.0
138.75,34.0,0.0
138.75,34.25,0.0
138.75,34.5,0.0
138.75,38.0,0.0
138.75,38.25,0.0
138.75,38.5,0.0
138.75,38.75,0.0
138.75,39.0,0.0
138.75,39.25,0.0
138.75,39.5,0.0
138.75,39.75,0.0
138.75,40.0,0.0
138.75,40.25,0.0
138.75,40.5,0.0
138.75,40.75,0.0
138.75,41.0,0.0
138.75,41.25,0.0
138.75,41.5,0.0
138.75,41.75,0.0
138.75,42.0,0.0
138.75,42.25,0.0
138.75,42.5,0.0
138.75,42.75,0.0
138.75,43.0,0.0
138.75,43.25,0.0
138.75,43.5,0.0
138.75,43.75,0.0
138.75,44.0,0.0
138.75,44.25,0.0
138.75,44.5,0.0
139.0,30.75,0.0
139.0,31.0,0.0
139.0,31.25,0.0
139.0,31.5,0.0
139.0,31.75,0.0
139.0,32.0,0.0
139.0,32.25,0.0
139.0,32.5,0.0
139.0,32.75,0.0
139.0,33.0,0.0
139.0,33.25,0.0
139.0,33.5,0.0
139.0,33.75,0.0
139.0,34.0,0.0
139.0,34.25,0.0
139.0,34.5,0.0
139.0,34.75,0.0
139.0,35.0,0.0
139.0,35.25,0.0
139.0,38.25,0.0
139.0,38.5,0.0
139.0,38.75,0.0
139.0,39.0,0.0
139.0,39.25,0.0
139.0,39.5,0.0
139.0,39.75,0.0
139.0,40.0,0.0
139.0,40.25,0.0
139.0,40.5,0.0
139.0,40.75,0.0
139.0,41.0,0.0
139.0,41.25,0.0
139.0,41.5,0.0
139.0,41.75,0.0
139.0,42.0,0.0
139.0,42.25,0.0
139.0,42.5,0.0
139.0,42.75,0.0
139.0,43.0,0.0
139.0,43.25,0.0
139.0,43.5,0.0
139.0,43.75,0.0
139.0,44.0,0.0
139.0,44.25,0.0
139.0,44.5,0.0
139.0,44.75,0.0
139.25,31.0,0.0
139.25,31.25,0.0
139.25,31.5,0.0
139.25,31.75,0.0
139.25,32.0,0.0
139.25,32.25,0.0
139.25,32.5,0.0
139.25,32.75,0.0
139.25,33.0,0.0
139.25,33.25,0.0
139.25,33.5,0.0
139.25,33.75,0.0
139.25,34.0,0.0
139.25,34.25,0.0
139.25,34.5,0.0
139.25,34.75,0.0
139.25,35.0,0.0
139.25,35.25,0.0
139.25,38.25,0.0
139.25,38.5,0.0
139.25,38.75,0.0
139.25,39.0,0.0
139.25,39.25,0.0
139.25,39.5,0.0
139.25,39.75,0.0
139.25,40.0,0.0
139.25,40.25,0.0
139.25,40.5,0.0
139.25,40.75,0.0
139.25,41.0,0.0
139.25,41.25,0.0
139.25,41.5,0.0
139.25,41.75,0.0
139.25,42.0,0.0
139.25,42.25,0.0
139.25,42.5,0.0
139.25,42.75,0.0
139.25,43.0,0.0
139.25,43.25,0.0
139.25,43.5,0.0
139.25,43.75,0.0
139.25,44.0,0.0
139.25,44.25,0.0
139.25,44.5,0.0
139.25,44.75,0.0
139.25,45.0,0.0
139.25,45.25,0.0
139.25,45.5,0.0
139.5,31.0,0.0
139.5,31.25,0.0
139.5,31.5,0.0
139.5,31.75,0.0
139.5,32.0,0.0
139.5,32.25,0.0
139.5,32.5,0.0
139.5,32.75,0.0
139.5,33.0,0.0
139.5,33.25,0.0
139.5,33.5,0.0
139.5,33.75,0.0
139.5,34.25,0.0
139.5,34.5,0.0
139.5,34.75,0.0
139.5,35.0,0.0
139.5,35.25,0.0
139.5,39.0,55.981388547568216
139.5,39.25,0.0
139.5,39.5,0.0
139.5,39.75,0.0
139.5,40.0,0.0
139.5,40.25,99.15113003690456
139.5,40.5,0.0
139.5,40.75,0.0
139.5,41.0,0.0
139.5,41.25,0.0
139.5,41.5,0.0
139.5,41.75,0.0
139.5,42.0,0.0
139.5,42.25,0.0
139.5,42.5,0.0
139.5,42.75,0.0
139.5,43.0,0.0
139.5,43.25,0.0
139.5,43.5,0.0
139.5,43.75,0.0
139.5,44.0,0.0
139.5,44.25,0.0
139.5,44.5,0.0
139.5,44.75,0.0
139.5,45.0,0.0
139.5,45.25,0.0
139.5,45.5,0.0
139.5,45.75,0.0
139.5,46.0,0.0
139.75,31.0,0.0
139.75,31.25,0.0
139.75,31.5,0.0
139.75,31.75,0.0
139.75,32.0,0.0
139.75,32.25,0.0
139.75,32.5,0.0
139.75,32.75,0.0
139.75,33.0,0.0
139.75,33.25,0.0
139.75,33.5,0.0
139.75,33.75,0.0
139.75,34.0,0.0
139.75,34.25,0.0
139.75,34.5,0.0
139.75,34.75,0.0
139.75,35.0,0.0
139.75,35.5,0.0
139.75,35.75,0.0
139.75,39.25,0.0
139.75,39.5,59.96152253883298
139.75,39.75,87.34760789911364
139.75,40.0,71.57607126015607
139.75,40.25,48.30573238275157
139.75,40.5,45.5270650861249
139.75,40.75,97.95288452001364
139.75,41.0,0.0
139.75,41.25,0.0
139.75,41.5,0.0
139.75,41.75,0.0
139.75,42.0,0.0
139.75,42.25,0.0
139.75,43.0,0.0
139.75,43.25,0.0
139.75,43.5,0.0
139.75,43.75,0.0
139.75,44.0,0.0
139.75,44.25,0.0
139.75,44.5,0.0
139.75,44.75,0.0
139.75,45.0,0.0
139.75,45.25,0.0
139.75,45.5,0.0
139.75,45.75,0.0
139.75,46.0,0.0
140.0,31.0,0.0
140.0,31.25,0.0
140.0,31.5,0.0
140.0,31.75,0.0
140.0,32.0,0.0
140.0,32.25,0.0
140.0,32.5,0.0
140.0,32.75,0.0
140.0,33.0,0.0
140.0,33.25,0.0
140.0,33.5,0.0
140.0,33.75,0.0
140.0,34.0,0.0
140.0,34.25,0.0
140.0,34.5,0.0
140.0,34.75,0.0
140.0,35.0,0.0
140.0,41.0,117.05180458943077
140.0,41.25,0.0
140.0,41.5,0.0
140.0,42.0,0.0
140.0,43.0,0.0
140.0,43.25,0.0
140.0,43.5,0.0
140.0,43.75,0.0
140.0,44.0,0.0
140.0,44.25,0.0
140.0,44.5,0.0
140.0,44.75,0.0
140.0,45.0,0.0
140.0,45.25,0.0
140.0,45.5,0.0
140.0,45.75,0.0
140.0,46.0,0.0
140.25,31.25,0.0
140.25,31.5,0.0
140.25,31.75,0.0
140.25,32.0,0.0
140.25,32.25,0.0
140.25,32.5,0.0
140.25,32.75,0.0
140.25,33.0,0.0
140.25,33.25,0.0
140.25,33.5,0.0
140.25,33.75,0.0
140.25,34.0,0.0
140.25,34.25,0.0
140.25,34.5,0.0
140.25,34.75,0.0
140.25,35.0,0.0
140.25,35.25,0.0
140.25,41.5,0.0
140.25,42.5,0.0
140.25,43.25,0.0
140.25,43.5,0.0
140.25,43.75,0.0
140.25,44.0,0.0
140.25,44.25,0.0
140.25,44.5,0.0
140.25,44.75,0.0
140.25,45.0,140.82771347924887
140.25,45.25,0.0
140.25,45.5,0.0
140.25,45.75,0.0
140.25,46.0,0.0
140.5,31.25,0.0
140.5,31.5,0.0
140.5,31.75,0.0
140.5,32.0,0.0
140.5,32.25,0.0
140.5,32.5,0.0
140.5,32.75,0.0
140.5,33.0,0.0
140.5,33.25,0.0
140.5,33.5,0.0
140.5,33.75,0.0
140.5,34.0,0.0
140.5,34.25,0.0
140.5,34.5,0.0
140.5,34.75,0.0
140.5,35.0,0.0
140.5,35.25,0.0
140.5,35.5,0.0
140.5,35.75,0.0
140.5,36.25,0.0
140.5,36.5,0.0
140.5,41.5,0.0
140.5,41.75,0.0
140.5,42.25,0.0
140.5,42.5,0.0
140.5,43.5,0.0
140.5,43.75,0.0
140.5,44.0,0.0
140.5,44.25,0.0
140.5,44.5,0.0
140.5,44.75,0.0
140.5,45.0,0.0
140.5,45.25,0.0
140.5,45.5,0.0
140.5,45.75,0.0
140.5,46.0,0.0
140.75,31.5,0.0
140.75,31.75,0.0
140.75,32.0,0.0
140.75,32.25,0.0
140.75,32.5,0.0
140.75,32.75,0.0
140.75,33.0,0.0
140.75,33.25,0.0
140.75,33.5,0.0
140.75,33.75,0.0
140.75,34.0,0.0
140.75,34.25,0.0
140.75,34.5,0.0
140.75,34.75,0.0
140.75,35.0,0.0
140.75,35.25,0.0
140.75,35.5,0.0
140.75,35.75,11.170716518845301
140.75,36.0,0.0
140.75,36.25,0.0
140.75,36.5,0.0
140.75,36.75,0.0
140.75,37.0,0.0
140.75,41.25,148.03108665464555
140.75,41.75,0.0
140.75,42.25,0.0
140.75,42.5,0.0
140.75,43.5,0.0
140.75,43.75,0.0
140.75,44.0,0.0
140.75,44.25,0.0
140.75,44.5,0.0
140.75,44.75,0.0
140.75,45.0,0.0
140.75,45.25,0.0
140.75,45.5,0.0
140.75,45.75,0.0
140.75,46.0,0.0
141.0,31.5,0.0
141.0,31.75,0.0
141.0,32.0,0.0
141.0,32.25,0.0
141.0,32.5,0.0
141.0,32.75,0.0
141.0,33.0,0.0
141.0,33.25,0.0
141.0,33.5,0.0
141.0,33.75,0.0
141.0,34.0,0.0
141.0,34.25,0.0
141.0,34.5,0.0
141.0,34.75,0.0
141.0,35.0,0.0
141.0,35.25,0.0
141.0,35.5,0.0
141.0,35.75,0.0
141.0,36.0,0.0
141.0,36.25,0.0
141.0,36.5,0.0
141.0,36.75,0.0
141.0,37.0,0.0
141.0,37.25,0.0
141.0,37.5,0.0
141.0,37.75,0.0
141.0,38.0,0.0
141.0,38.25,0.0
141.0,38.5,0.0
141.0,41.0,64.8011782040702
141.0,41.25,198.14525840503876
141.0,41.75,0.0
141.0,42.0,0.0
141.0,42.25,0.0
141.0,42.5,0.0
141.0,43.5,69.602876160856
141.0,43.75,0.0
141.0,44.0,0.0
141.0,44.25,0.0
141.0,44.5,0.0
141.0,44.75,0.0
141.0,45.0,0.0
141.0,45.25,0.0
141.0,45.5,0.0
141.0,45.75,0.0
141.25,31.5,0.0
141.25,31.75,0.0
141.25,32.0,0.0
141.25,32.25,0.0
141.25,32.5,0.0
141.25,32.75,0.0
141.25,33.0,0.0
141.25,33.25,0.0
141.25,33.5,0.0
141.25,33.75,0.0
141.25,34.0,0.0
141.25,34.25,0.0
141.25,34.5,0.0
141.25,34.75,0.0
141.25,35.0,0.0
141.25,35.25,0.0
141.25,35.5,0.0
141.25,35.75,0.0
141.25,36.0,0.0
141.25,36.25,0.0
141.25,36.5,0.0
141.25,36.75,0.0
141.25,37.0,0.0
141.25,37.25,0.0
141.25,37.5,0.0
141.25,37.75,0.0
141.25,38.0,0.0
141.25,38.25,0.0
141.25,38.5,0.0
141.25,41.5,227.65687941412224
141.25,41.75,0.0
141.25,42.0,0.0
141.25,42.25,0.0
141.25,42.5,0.0
141.25,43.5,0.0
141.25,44.0,0.0
141.25,44.25,0.0
141.25,44.5,0.0
141.25,44.75,0.0
141.25,45.0,0.0
141.25,45.25,0.0
141.25,45.5,0.0
141.25,45.75,0.0
141.25,46.0,0.0
141.5,31.75,0.0
141.5,32.0,0.0
141.5,32.25,0.0
141.5,32.5,0.0
141.5,32.75,0.0
141.5,33.0,0.0
141.5,33.25,0.0
141.5,33.5,0.0
141.5,33.75,0.0
141.5,34.0,0.0
141.5,34.25,0.0
141.5,34.5,0.0
141.5,34.75,0.0
141.5,35.0,0.0
141.5,35.25,0.0
141.5,35.5,0.0
141.5,35.75,0.0
141.5,36.0,0.0
141.5,36.25,0.0
141.5,36.5,0.0
141.5,36.75,0.0
141.5,37.0,0.0
141.5,37.25,0.0
141.5,37.5,0.0
141.5,37.75,0.0
141.5,38.0,0.0
141.5,38.25,0.0
141.5,38.5,0.0
141.5,38.75,0.0
141.5,40.75,0.0
141.5,41.0,0.0
141.5,41.25,0.0
141.5,41.5,0.0
141.5,41.75,0.0
141.5,42.0,0.0
141.5,42.25,0.0
141.5,42.5,0.0
141.5,42.75,0.0
141.5,44.25,0.0
141.5,44.5,0.0
141.5,44.75,0.0
141.5,45.0,0.0
141.5,45.5,148.68384440797607
141.5,45.75,0.0
141.75,31.75,0.0
141.75,32.0,0.0
141.75,32.25,0.0
141.75,32.5,0.0
141.75,32.75,0.0
141.75,33.0,0.0
141.75,33.25,0.0
141.75,33.5,0.0
141.75,33.75,0.0
141.75,34.0,0.0
141.75,34.25,0.0
141.75,34.5,0.0
141.75,34.75,0.0
141.75,35.0,0.0
141.75,35.25,0.0
141.75,35.5,0.0
141.75,35.75,0.0
141.75,36.0,0.0
141.75,36.25,0.0
141.75,36.5,0.0
141.75,36.75,0.0
141.75,37.0,0.0
141.75,37.25,0.0
141.75,37.5,0.0
141.75,37.75,0.0
141.75,38.0,0.0
141.75,38.25,0.0
141.75,38.5,0.0
141.75,38.75,0.0
141.75,39.0,0.0
141.75,39.25,0.0
141.75,40.25,0.0
141.75,40.5,0.0
141.75,40.75,0.0
141.75,41.0,0.0
141.75,41.25,0.0
141.75,41.5,0.0
141.75,41.75,0.0
141.75,42.0,0.0
141.75,42.25,0.0
141.75,42.5,0.0
141.75,45.75,160.56965938424847
142.0,32.0,0.0
142.0,32.25,0.0
142.0,32.5,0.0
142.0,32.75,0.0
142.0,33.0,0.0
142.0,33.25,0.0
142.0,33.5,0.0
142.0,33.75,0.0
142.0,34.0,0.0
142.0,34.25,0.0
142.0,34.5,0.0
142.0,34.75,0.0
142.0,35.0,0.0
142.0,35.25,0.0
142.0,35.5,0.0
142.0,35.75,0.0
142.0,36.0,0.0
142.0,36.25,0.0
142.0,36.5,0.0
142.0,36.75,0.0
142.0,37.0,0.0
142.0,37.25,0.0
142.0,37.5,0.0
142.0,37.75,0.0
142.0,38.0,0.0
142.0,38.25,0.0
142.0,38.5,0.0
142.0,38.75,0.0
142.0,39.0,0.0
142.0,39.25,0.0
142.0,39.5,0.0
142.0,39.75,0.0
142.0,40.0,0.0
142.0,40.25,0.0
142.0,40.5,0.0
142.0,40.75,0.0
142.0,41.0,0.0
142.0,41.25,0.0
142.0,41.5,0.0
142.0,41.75,0.0
142.0,42.0,0.0
142.0,42.25,0.0
142.0,42.5,0.0
142.0,45.5,0.0
142.0,45.75,149.13466522835705
142.25,32.25,0.0
142.25,32.5,0.0
142.25,32.75,0.0
142.25,33.0,0.0
142.25,33.25,0.0
142.25,33.5,0.0
142.25,33.75,0.0
142.25,34.0,0.0
142.25,34.25,0.0
142.25,34.5,0.0
142.25,34.75,0.0
142.25,35.0,0.0
142.25,35.25,0.0
142.25,35.5,0.0
142.25,35.75,0.0
142.25,36.0,0.0
142.25,36.25,0.0
142.25,36.5,0.0
142.25,36.75,0.0
142.25,37.0,0.0
142.25,37.25,0.0
142.25,37.5,0.0
142.25,37.75,0.0
142.25,38.0,0.0
142.25,38.25,0.0
142.25,38.5,0.0
142.25,38.75,0.0
142.25,39.0,0.0
142.25,39.25,0.0
142.25,39.5,0.0
142.25,39.75,0.0
142.25,40.0,0.0
142.25,40.25,0.0
142.25,40.5,0.0
142.25,40.75,0.0
142.25,41.0,0.0
142.25,41.25,0.0
142.25,41.5,0.0
142.25,41.75,0.0
142.25,42.0,0.0
142.25,42.25,0.0
142.25,45.5,0.0
142.25,45.75,148.00556744434286
142.5,32.5,0.0
142.5,32.75,0.0
142.5,33.0,0.0
142.5,33.25,0.0
142.5,33.5,0.0
142.5,33.75,0.0
142.5,34.0,0.0
142.5,34.25,0.0
142.5,34.5,0.0
142.5,34.75,0.0
142.5,35.0,0.0
142.5,35.25,0.0
142.5,35.5,0.0
142.5,35.75,0.0
142.5,36.0,0.0
142.5,36.25,0.0
142.5,36.5,0.0
142.5,36.75,0.0
142.5,37.0,0.0
142.5,37.25,0.0
142.5,37.5,0.0
142.5,37.75,0.0
142.5,38.0,0.0
142.5,38.25,0.0
142.5,38.5,0.0
142.5,38.75,0.0
142.5,39.0,0.0
142.5,39.25,0.0
142.5,39.5,0.0
142.5,39.75,0.0
142.5,40.0,0.0
142.5,40.25,0.0
142.5,40.5,0.0
142.5,40.75,0.0
142.5,41.0,0.0
142.5,41.25,0.0
142.5,41.5,0.0
142.5,41.75,0.0
142.5,42.0,0.0
142.5,42.25,0.0
142.5,45.25,0.0
142.5,45.5,0.0
142.5,45.75,0.0
142.75,32.75,0.0
142.75,33.0,0.0
142.75,33.25,0.0
142.75,33.5,0.0
142.75,33.75,0.0
142.75,34.0,0.0
142.75,34.25,0.0
142.75,34.5,0.0
142.75,34.75,0.0
142.75,35.0,0.0
142.75,35.25,0.0
142.75,35.5,0.0
142.75,35.75,0.0
142.75,36.0,0.0
142.75,36.25,0.0
142.75,36.5,0.0
142.75,36.75,0.0
142.75,37.0,0.0
142.75,37.25,0.0
142.75,37.5,0.0
142.75,37.75,0.0
142.75,38.0,0.0
142.75,38.25,0.0
142.75,38.5,0.0
142.75,38.75,0.0
142.75,39.0,0.0
142.75,39.25,0.0
142.75,39.5,0.0
142.75,39.75,0.0
142.75,40.0,0.0
142.75,40.25,0.0
142.75,40.5,0.0
142.75,40.75,0.0
142.75,41.0,0.0
142.75,41.25,0.0
142.75,41.5,0.0
142.75,41.75,0.0
142.75,42.0,0.0
142.75,42.25,0.0
142.75,45.0,0.0
142.75,45.25,0.0
142.75,45.5,0.0
143.0,32.75,0.0
143.0,33.0,0.0
143.0,33.25,0.0
143.0,33.5,0.0
143.0,33.75,0.0
143.0,34.0,0.0
143.0,34.25,0.0
143.0,34.5,0.0
143.0,34.75,0.0
143.0,35.0,0.0
143.0,35.25,0.0
143.0,35.5,0.0
143.0,35.75,0.0
143.0,36.0,0.0
143.0,36.25,0.0
143.0,36.5,0.0
143.0,36.75,0.0
143.0,37.0,0.0
143.0,37.25,0.0
143.0,37.5,0.0
143.0,37.75,0.0
143.0,38.0,0.0
143.0,38.25,0.0
143.0,38.5,0.0
143.0,38.75,0.0
143.0,39.0,0.0
143.0,39.25,0.0
143.0,39.5,0.0
143.0,39.75,0.0
143.0,40.0,0.0
143.0,40.25,0.0
143.0,40.5,0.0
143.0,40.75,0.0
143.0,41.0,0.0
143.0,41.25,0.0
143.0,41.5,0.0
143.0,41.75,0.0
143.0,42.0,0.0
143.0,44.75,0.0
143.0,45.0,0.0
143.0,45.25,0.0
143.0,45.5,0.0
143.25,33.0,0.0
143.25,33.25,0.0
143.25,33.5,0.0
143.25,33.75,0.0
143.25,34.0,0.0
143.25,34.25,0.0
143.25,34.5,0.0
143.25,34.75,0.0
143.25,35.0,0.0
143.25,35.25,0.0
143.25,35.5,0.0
143.25,35.75,0.0
143.25,36.0,0.0
143.25,36.25,0.0
143.25,36.5,0.0
143.25,36.75,0.0
143.25,37.0,0.0
143.25,37.25,0.0
143.25,37.5,0.0
143.25,37.75,0.0
143.25,38.0,0.0
143.25,38.25,0.0
143.25,38.5,0.0
143.25,38.75,0.0
143.25,39.0,0.0
143.25,39.25,0.0
143.25,39.5,0.0
143.25,39.75,0.0
143.25,40.0,0.0
143.25,40.25,0.0
143.25,40.5,0.0
143.25,40.75,0.0
143.25,41.0,0.0
143.25,41.25,0.0
143.25,41.5,0.0
143.25,41.75,0.0
143.25,42.0,0.0
143.25,42.25,0.0
143.25,42.5,0.0
143.25,44.5,0.0
143.25,44.75,0.0
143.25,45.0,0.0
143.25,45.25,0.0
143.5,33.25,0.0
143.5,33.5,0.0
143.5,33.75,0.0
143.5,34.0,0.0
143.5,34.25,0.0
143.5,34.5,0.0
143.5,34.75,0.0
143.5,35.0,0.0
143.5,35.25,0.0
143.5,35.5,0.0
143.5,35.75,0.0
143.5,36.0,0.0
143.5,36.25,0.0
143.5,36.5,0.0
143.5,36.75,0.0
143.5,37.0,0.0
143.5,37.25,0.0
143.5,37.5,0.0
143.5,37.75,0.0
143.5,38.0,0.0
143.5,38.25,0.0
143.5,38.5,0.0
143.5,38.75,0.0
143.5,39.0,0.0
143.5,39.25,0.0
143.5,39.5,0.0
143.5,39.75,0.0
143.5,40.0,0.0
143.5,40.25,0.0
143.5,40.5,0.0
143.5,40.75,0.0
143.5,41.0,0.0
143.5,41.25,0.0
143.5,41.5,0.0
143.5,41.75,0.0
143.5,42.0,0.0
143.5,42.25,0.0
143.5,42.5,0.0
143.5,42.75,0.0
143.5,44.5,0.0
143.5,44.75,0.0
143.5,45.0,0.0
143.5,45.25,0.0
143.75,33.75,0.0
143.75,34.0,0.0
143.75,34.25,0.0
143.75,34.5,0.0
143.75,34.75,0.0
143.75,35.0,0.0
143.75,35.25,0.0
143.75,35.5,0.0
143.75,35.75,0.0
143.75,36.0,0.0
143.75,36.25,0.0
143.75,36.5,0.0
143.75,36.75,0.0
143.75,37.0,0.0
143.75,37.25,0.0
143.75,37.5,0.0
143.75,37.75,0.0
143.75,38.0,0.0
143.75,38.25,0.0
143.75,38.5,0.0
143.75,38.75,0.0
143.75,39.0,0.0
143.75,39.25,0.0
143.75,39.5,0.0
143.75,39.75,0.0
143.75,40.0,0.0
143.75,40.25,0.0
143.75,40.5,0.0
143.75,40.75,0.0
143.75,41.0,0.0
143.75,41.25,0.0
143.75,41.5,0.0
143.75,41.75,0.0
143.75,42.0,0.0
143.75,42.25,0.0
143.75,42.5,0.0
143.75,42.75,0.0
143.75,44.25,0.0
143.75,44.5,0.0
143.75,44.75,0.0
143.75,45.0,0.0
143.75,45.25,0.0
144.0,34.0,0.0
144.0,34.25,0.0
144.0,34.5,0.0
144.0,34.75,0.0
144.0,35.0,0.0
144.0,35.25,0.0
144.0,35.5,0.0
144.0,35.75,0.0
144.0,36.0,0.0
144.0,36.25,0.0
144.0,36.5,0.0
144.0,36.75,0.0
144.0,37.0,0.0
144.0,37.25,0.0
144.0,37.5,0.0
144.0,37.75,0.0
144.0,38.0,0.0
144.0,38.25,0.0
144.0,38.5,0.0
144.0,38.75,0.0
144.0,39.0,0.0
144.0,39.25,0.0
144.0,39.5,0.0
144.0,39.75,0.0
144.0,40.0,0.0
144.0,40.25,0.0
144.0,40.5,0.0
144.0,40.75,0.0
144.0,41.0,0.0
144.0,41.25,0.0
144.0,41.5,0.0
144.0,41.75,0.0
144.0,42.0,0.0
144.0,42.25,0.0
144.0,42.5,0.0
144.0,42.75,0.0
144.0,43.0,0.0
144.0,44.25,0.0
144.0,44.5,0.0
144.0,44.75,0.0
144.0,45.0,0.0
144.0,45.25,0.0
144.25,34.25,0.0
144.25,34.5,0.0
144.25,34.75,0.0
144.25,35.0,0.0
144.25,35.25,0.0
144.25,35.5,0.0
144.25,35.75,0.0
144.25,36.0,0.0
144.25,36.25,0.0
144.25,36.5,0.0
144.25,36.75,0.0
144.25,37.0,0.0
144.25,37.25,0.0
144.25,37.5,0.0
144.25,37.75,0.0
144.25,38.0,0.0
144.25,38.25,0.0
144.25,38.5,0.0
144.25,38.75,0.0
144.25,39.0,0.0
144.25,39.25,0.0
144.25,39.5,0.0
144.25,39.75,0.0
144.25,40.0,0.0
144.25,40.25,0.0
144.25,40.5,0.0
144.25,40.75,0.0
144.25,41.0,0.0
144.25,41.25,0.0
144.25,41.5,0.0
144.25,41.75,0.0
144.25,42.0,0.0
144.25,42.25,0.0
144.25,42.5,0.0
144.25,42.75,0.0
144.25,43.0,0.0
144.25,44.25,0.0
144.25,44.5,0.0
144.25,44.75,0.0
144.25,45.0,0.0
144.25,45.25,0.0
144.5,34.75,0.0
144.5,35.0,0.0
144.5,35.25,0.0
144.5,35.5,0.0
144.5,35.75,0.0
144.5,36.0,0.0
144.5,36.25,0.0
144.5,36.5,0.0
144.5,36.75,0.0
144.5,37.0,0.0
144.5,37.25,0.0
144.5,37.5,0.0
144.5,37.75,0.0
144.5,38.0,0.0
144.5,38.25,0.0
144.5,38.5,0.0
144.5,38.75,0.0
144.5,39.0,0.0
144.5,39.25,0.0
144.5,39.5,0.0
144.5,39.75,0.0
144.5,40.0,0.0
144.5,40.25,0.0
144.5,40.5,0.0
144.5,40.75,0.0
144.5,41.0,0.0
144.5,41.25,0.0
144.5,41.5,0.0
144.5,41.75,0.0
144.5,42.0,0.0
144.5,42.25,0.0
144.5,42.5,0.0
144.5,42.75,0.0
144.5,43.0,0.0
144.5,44.25,0.0
144.5,44.5,0.0
144.5,44.75,0.0
144.5,45.0,0.0
144.5,45.25,0.0
144.75,35.25,0.0
144.75,35.5,0.0
144.75,35.75,0.0
144.75,36.0,0.0
144.75,36.25,0.0
144.75,36.5,0.0
144.75,36.75,0.0
144.75,37.0,0.0
144.75,37.25,0.0
144.75,37.5,0.0
144.75,37.75,0.0
144.75,38.0,0.0
144.75,38.25,0.0
144.75,38.5,0.0
144.75,38.75,0.0
144.75,39.0,0.0
144.75,39.25,0.0
144.75,39.5,0.0
144.75,39.75,0.0
144.75,40.0,0.0
144.75,40.25,0.0
144.75,40.5,0.0
144.75,40.75,0.0
144.75,41.0,0.0
144.75,41.25,0.0
144.75,41.5,0.0
144.75,41.75,0.0
144.75,42.0,0.0
144.75,42.25,0.0
144.75,42.5,0.0
144.75,42.75,0.0
144.75,43.0,0.0
144.75,44.25,0.0
144.75,44.5,0.0
144.75,44.75,0.0
144.75,45.0,0.0
144.75,45.25,0.0
144.75,45.5,0.0
145.0,36.75,0.0
145.0,37.0,0.0
145.0,37.25,0.0
145.0,37.5,0.0
145.0,37.75,0.0
145.0,38.0,0.0
145.0,38.25,0.0
145.0,38.5,0.0
145.0,38.75,0.0
145.0,39.0,0.0
145.0,39.25,0.0
145.0,39.5,0.0
145.0,39.75,0.0
145.0,40.0,0.0
145.0,40.25,0.0
145.0,40.5,0.0
145.0,40.75,0.0
145.0,41.0,0.0
145.0,41.25,0.0
145.0,41.5,0.0
145.0,41.75,0.0
145.0,42.0,0.0
145.0,42.25,0.0
145.0,42.5,0.0
145.0,42.75,0.0
145.0,43.0,0.0
145.0,43.25,0.0
145.0,44.0,0.0
145.0,44.5,0.0
145.0,44.75,0.0
145.0,45.0,0.0
145.0,45.25,0.0
145.0,45.5,0.0
145.25,37.0,0.0
145.25,37.25,0.0
145.25,37.5,0.0
145.25,37.75,0.0
145.25,38.0,0.0
145.25,38.25,0.0
145.25,38.5,0.0
145.25,38.75,0.0
145.25,39.0,0.0
145.25,39.25,0.0
145.25,39.5,0.0
145.25,39.75,0.0
145.25,40.0,0.0
145.25,40.25,0.0
145.25,40.5,0.0
145.25,40.75,0.0
145.25,41.0,0.0
145.25,41.25,0.0
145.25,41.5,0.0
145.25,41.75,0.0
145.25,42.0,0.0
145.25,42.25,0.0
145.25,42.5,0.0
145.25,42.75,0.0
145.25,43.0,0.0
145.25,43.25,0.0
145.25,43.5,0.0
145.25,43.75,0.0
145.25,44.25,0.0
145.25,44.5,0.0
145.25,44.75,0.0
145.25,45.0,0.0
145.25,45.25,0.0
145.5,37.5,0.0
145.5,37.75,0.0
145.5,38.0,0.0
145.5,38.25,0.0
145.5,38.5,0.0
145.5,38.75,0.0
145.5,39.0,0.0
145.5,39.25,0.0
145.5,39.5,0.0
145.5,39.75,0.0
145.5,40.0,0.0
145.5,40.25,0.0
145.5,40.5,0.0
145.5,40.75,0.0
145.5,41.0,0.0
145.5,41.25,0.0
145.5,41.5,0.0
145.5,41.75,0.0
145.5,42.0,0.0
145.5,42.25,0.0
145.5,42.5,0.0
145.5,42.75,0.0
145.5,43.0,0.0
145.5,43.25,0.0
145.5,43.5,0.0
145.5,44.5,0.0
145.5,44.75,0.0
145.75,38.0,0.0
145.75,38.25,0.0
145.75,38.5,0.0
145.75,38.75,0.0
145.75,39.0,0.0
145.75,39.25,0.0
145.75,39.5,0.0
145.75,39.75,0.0
145.75,40.0,0.0
145.75,40.25,0.0
145.75,40.5,0.0
145.75,40.75,0.0
145.75,41.0,0.0
145.75,41.25,0.0
145.75,41.5,0.0
145.75,41.75,0.0
145.75,42.0,0.0
145.75,42.25,0.0
145.75,42.5,0.0
145.75,42.75,0.0
145.75,43.0,0.0
145.75,43.25,0.0
146.0,38.75,0.0
146.0,39.0,0.0
146.0,39.25,0.0
146.0,39.5,0.0
146.0,39.75,0.0
146.0,40.0,0.0
146.0,40.25,0.0
146.0,40.5,0.0
146.0,40.75,0.0
146.0,41.0,0.0
146.0,41.25,0.0
146.0,41.5,0.0
146.0,41.75,0.0
146.0,42.0,0.0
146.0,42.25,0.0
146.0,42.5,0.0
146.0,42.75,0.0
146.25,39.75,0.0
146.25,40.0,0.0
146.25,40.25,0.0
146.25,40.5,0.0
146.25,40.75,0.0
146.25,41.0,0.0
146.25,41.25,0.0
146.25,41.5,0.0
146.25,41.75,0.0
146.25,42.0,0.0
146.25,42.25,0.0
146.25,42.5,0.0
146.5,40.0,0.0
146.5,40.25,0.0
146.5,40.5,0.0
146.5,40.75,0.0
146.5,41.0,0.0
146.5,41.25,0.0
146.5,41.5,0.0
146.5,41.75,0.0
146.5,42.0,0.0
146.75,40.25,0.0
146.75,40.5,0.0
146.75,40.75,0.0
146.75,41.0,0.0
146.75,41.25,0.0
146.75,41.5,0.0
146.75,41.75,0.0
147.0,40.25,0.0
147.0,40.5,0.0
147.0,40.75,0.0
147.0,41.0,0.0
147.0,41.25,0.0
147.25,40.5,0.0
147.25,40.75,0.0
147.25,41.0,0.0
147.5,40.5,0.0
147.5,40.75,0.0
