region,emis_sp,bio_poten,carbon_poten,dem,therm,bio,heat,"Cost
[$/tCO2]","Demand
[TWh/yr]"
Afghanistan,69.33481249,203468510.8,12.26026,192,173.8642467,129.5990252,0.203468511,69.33481249,192
Algeria,112.3473045,180536275.7,77.633562,263,11287.1278,4822.66712,0.180536276,112.3473045,263
BalkanWest,119.1720242,908915767.2,6.15491,151,3698.683599,1633.524978,0.908915767,119.1720242,151
Belarus,125.2025827,366112385.4,1.780839,113,8891.049027,3843.389584,0.366112385,125.2025827,113
BritishIsles,92.72356719,654861868.3,29.66092,530,7076.871557,12602.91892,0.654861868,92.72356719,530
Cambodia,87.56898743,689123455.2,8.040553,90,474.7399674,266.8450891,0.689123455,87.56898743,90
Caucas,102.6370973,252241909.5,15.999085,61,642.3399051,309.0399223,0.25224191,102.6370973,61
China,107.1381493,19512129814,142.440748,14832,343560.348,191324.4531,19.51212981,107.1381493,14832
Denmark,89.06490336,149147029.2,6.1097,86,1033.133346,992.3446109,0.149147029,89.06490336,86
EU,105.0804032,895357588.1,0.076116,101,499.4673164,4224.386177,0.895357588,105.0804032,101
Egypt,106.458115,411023779.8,49.512949,688,21099.15421,9092.166358,0.41102378,106.458115,688
Gaza,113.4900679,7549682.711,3.713114,41,492.1806072,188.9845688,0.007549683,113.4900679,41
Indonesia,80.43117692,11198510436,139.320672,872,35177.43968,22110.32065,11.19851044,80.43117692,872
Iran,107.7639206,570337816.2,59.57602,418,5057.768486,2182.400986,0.570337816,107.7639206,418
Iraq,105.5726315,102161346.3,18.509992,352,7891.234605,3404.302396,0.102161346,105.5726315,352
Israel,107.1815671,13971881.77,1.780635,117,3017.839513,1270.923016,0.013971882,107.1815671,117
Kazakhstan,112.3804366,824251714.8,79.948069,229,10659.90716,5392.966575,0.824251715,112.3804366,229
KyrgyzstanTajikistan,108.9733516,139050813.4,2.975614,63,1383.993741,621.0727261,0.139050813,108.9733516,63
Laos,85.84368536,1319573716,0.063372,39,198.3182266,185.6606602,1.319573716,85.84368536,39
Lebanon,113.906307,15098053.33,0.589932,76,292.2523843,140.8139386,0.015098053,113.906307,76
Libya,108.9810469,22892757.46,66.740575,64,981.3515213,407.9152319,0.022892757,108.9810469,64
Malaysia,103.549277,1118320614,24.126036,399,31106.56846,13553.33759,1.118320614,103.549277,399
Mongolia,98.80062888,141482872.7,10.610817,11,442.8683946,230.6661072,0.141482873,98.80062888,11
Morocco,109.8150126,292026076.3,24.384102,227,1207.178941,541.3778997,0.292026076,109.8150126,227
Myanmar,102.7632806,2419060395,1.003735,287,8881.861987,3922.089176,2.419060395,102.7632806,287
NorthKorea,99.83505885,332651726.4,2.71725,64,252.4885444,161.3283335,0.332651726,99.83505885,64
Norway,71.1791492,274213468.8,16.061909,148,116.6269665,85.95908305,0.274213469,71.1791492,148
Pakistan,99.76610345,1155282077,32.732688,1706,66292.56323,28681.34276,1.155282077,99.76610345,1706
Russia,127.1830649,22037994551,466.99054,1650,138703.1623,59919.16364,22.03799455,127.1830649,1650
SouthKorea,113.7816623,339210779,6.871436,675,15210.42293,6792.671633,0.339210779,113.7816623,675
Switzerland,100.8493281,76921296.82,0.655209,72,204.9649205,107.5103786,0.076921297,100.8493281,72
Syria,105.7061278,162201438.6,2.55006,157,1584.958257,700.1638772,0.162201439,105.7061278,157
Thailand,112.03971,1935084932,9.347845,495,31616.52618,13653.16009,1.935084932,112.03971,495
Tunisia,108.7027323,97375878.05,9.452899,63,1234.347047,535.533388,0.097375878,108.7027323,63
Turkey,110.8752751,1612820211,6.46956,650,2730.522216,1250.75768,1.612820211,110.8752751,650
Turkmenistan,104.9051895,89998011.64,33.538924,44,935.4799903,428.9090132,0.089998012,104.9051895,44
UkraineMoldova,125.712673,1909145514,14.167011,210,2947.058437,1293.27135,1.909145514,125.712673,210
Uzbekistan,110.1004165,258399330.4,17.699256,149,6559.01232,2852.39399,0.25839933,110.1004165,149
Vietnam,109.1255597,1635545986,27.196806,1035,22037.89499,9551.266273,1.635545986,109.1255597,1035
Canada,88.24068046,11606889920,221.445504,793,9323.75919,5706.241219,11.60688992,88.24068046,793
CentralAmerica,86.70811165,2181997631,50.365121,208,15551.89115,6741.825776,2.181997631,86.70811165,208
Mexico,107.5471053,3271652628,31.808002,372,4677.813595,2037.764067,3.271652628,107.5471053,372
USA,112.2156171,18565860933,179.161792,5482,193233.4462,83164.83244,18.56586093,112.2156171,5482
Argentina,93.28325252,4609429397,131.982113,129,6831.926425,2974.132458,4.609429397,93.28325252,129
Brazil,89.5992014,20270392550,266.82018,985,1484.780515,38212.03332,20.27039255,89.5992014,985
CentralSouthAmerica,95.33787276,4003734483,50.450677,85,2134.168037,926.4803186,4.003734483,95.33787276,85
Chile,93.66610137,765350656.4,20.262492,132,1147.777678,2245.803443,0.765350656,93.66610137,132
Colombia,106.0519157,3305853515,44.409204,251,5726.300646,2481.950852,3.305853515,106.0519157,251
Ecuador,100.2625397,1191993263,9.864302,57,764.4010932,330.6051046,1.191993263,100.2625397,57
Peru,110.4129081,5251355366,40.664443,193,2612.055065,1126.538094,5.251355366,110.4129081,193
Venezuela,106.5278707,3939086050,61.402921,497,2343.723935,1011.729015,3.93908605,106.5278707,497
CentralAfrica,97.1166654,3836589138,35.367175,200,7278.322297,3143.489838,3.836589138,97.1166654,200
Congo,96.88098475,9087678337,52.890054,546,72960.78087,31427.11703,9.087678337,96.88098475,546
Ethiopia,94.38216463,861243083.7,0.737804,563,979.3972009,1007.896435,0.861243084,94.38216463,563
KenyaUganda,94.09677425,1120972444,2.633826,423,1104.189219,494.5989792,1.120972444,94.09677425,423
Nigeria,96.1732329,1065819058,32.702091,946,51046.4494,21984.72229,1.065819058,96.1732329,946
SouthAfrica,101.5851387,699137163.5,54.815813,365,11505.25897,5073.634013,0.699137164,101.5851387,365
SouthEastAfrica,99.22894144,2091420196,39.94123,412,5388.943975,2350.600766,2.091420196,99.22894144,412
SouthWestAfrica,98.1704792,2270619796,101.293962,206,5404.466888,2339.861157,2.270619796,98.1704792,206
SudanEriteria,92.2703586,1239231748,64.635759,227,945.2696663,493.8621431,1.239231748,92.2703586,227
Tanzania,104.4952532,2292358708,6.044293,441,370.6557582,166.1693712,2.292358708,104.4952532,441
WestNorthAfrica,100.054905,302792777.3,85.040408,228,171.6670938,72.78838338,0.302792777,100.054905,228
WestSouthAfrica,99.24013492,989959198.1,7.408467,459,2882.86315,1245.294361,0.989959198,99.24013492,459
WestWestAfrica,103.422928,1108203534,82.969787,347,334.170228,150.1175938,1.108203534,103.422928,347
Bangladesh,98.60892621,1456919204,1.623607,537,79177.62943,34116.09569,1.456919204,98.60892621,537
India,82.39937737,10357118904,52.007434,6930,33958.85098,85276.12089,10.3571189,82.39937737,6930
NepalBhutan,95.54526515,680272293.1,1.773658,89,37584.65655,16203.07217,0.680272293,95.54526515,89
Iceland,294.3930061,3163656.885,0.462858,31,920.8520943,286.7884891,0.003163657,294.3930061,31
Madagascar,90.65639465,1613330264,35.155753,133,12150.57612,5239.265129,1.613330264,90.65639465,133
NewZealand,111.565597,790504937.9,22.873463,49,1115.129409,483.5588027,0.790504938,111.565597,49
Philippines,87.58200615,1574774355,33.700171,336,29997.81902,13089.90896,1.574774355,87.58200615,336
Somalia,120.1256515,68778767.65,0.163955,97,10618.38138,4584.539568,0.068778768,120.1256515,97
SriLanka,95.99006786,196370564.4,3.573612,62,5025.183521,2166.274875,0.196370564,95.99006786,62
Yemen,189.1932074,31968193.8,19.70026,177,7842.059512,2900.772375,0.031968194,189.1932074,177
Kuwait,215.0442238,165416.6827,2.428487,221,7233.784125,0,0.000165417,215.0442238,221
Oman,204.2634233,1908613.491,8.508182,140,446.8394262,172.6974962,0.001908613,204.2634233,140
SaudiArabia,213.2829952,24955473.17,89.777456,1180,27546.44597,2264.531279,0.024955473,213.2829952,1180
UnitedArabEmirates,205.7901068,49556.77823,8.941967,861,145.0585678,4.438001154,4.96E-05,205.7901068,861
Australia,96.76044129,4996457404,308.145357,336,19056.86465,8205.981277,4.996457404,96.76044129,336
Japan,80.54937879,1156239977,23.892203,977,68324.13015,115511.5961,1.156239977,80.54937879,977
